[
    {
        "pk": 1,
        "model": "territory.gameboard",
        "fields": {
            "turn": 1
        }
    },
    {
        "pk": "ET",
        "model": "territory.faction",
        "fields": {
            "color": "lightgray",
            "name": "Ethiopian Militia"
        }
    },
    {
        "pk": "AG",
        "model": "territory.faction",
        "fields": {
            "color": "lightblue",
            "name": "Clan Abgaal"
        }
    },
    {
        "pk": "AS",
        "model": "territory.faction",
        "fields": {
            "color": "lightpink",
            "name": "Al Shabaab"
        }
    },
    {
        "pk": "GD",
        "model": "territory.faction",
        "fields": {
            "color": "turquoise",
            "name": "General Dynamics"
        }
    },
    {
        "pk": "IS",
        "model": "territory.faction",
        "fields": {
            "color": "lightyellow",
            "name": "Clan Isaaq"
        }
    },
    {
        "pk": "OS",
        "model": "territory.faction",
        "fields": {
            "color": "violet",
            "name": "Omega Security Solutions"
        }
    },
    {
        "pk": "DR",
        "model": "territory.faction",
        "fields": {
            "color": "#fa6",
            "name": "Clan Darod"
        }
    },
    {
        "pk":"A1",
        "model":"territory.territory",
        "fields":{
            "pts_s":"[(40, 310), (60, 340), (70, 333), (70, 310), (80, 310), (80, 280), (60, 290)]",
            "center_s":"(55, 315)",
            "name":"Borama",
            "owner":null,
            "special":"Lab",
            "special_type":null,
            "connects":[
                "A2",
                "B1"
            ]
        }
    },
    {
        "pk":"A2",
        "model":"territory.territory",
        "fields":{
            "pts_s":"[(70, 333), (90, 320), (120, 330), (120, 310), (100, 310), (80, 310), (70, 310)]",
            "center_s":"(90, 312)",
            "name":"Berbera",
            "owner":null,
            "special":"Supply Center",
            "special_type":null,
            "connects":[
                "A1",
                "B1",
                "B2",
                "C1"
            ]
        }
    },
    {
        "pk":"B1",
        "model":"territory.territory",
        "fields":{
            "pts_s":"[(80, 280), (80, 310), (100, 310), (100, 300), (120, 280), (110, 266), (100, 270)]",
            "center_s":"(90, 285)",
            "name":"Udweyne",
            "owner":"IS",
            "special":"Mine",
            "special_type":null,
            "connects":[
                "A1",
                "A2",
                "B2",
                "B3",
                "P1"
            ]
        }
    },
    {
        "pk":"B2",
        "model":"territory.territory",
        "fields":{
            "pts_s":"[(100, 310), (100, 300), (120, 280), (150, 280), (150, 290), (120, 310)]",
            "center_s":"(120, 290)",
            "name":"Burco",
            "owner":null,
            "special":"Airbase",
            "special_type":null,
            "connects":[
                "A2",
                "B1",
                "B3",
                "C1",
                "E1"
            ]
        }
    },
    {
        "pk":"B3",
        "model":"territory.territory",
        "fields":{
            "pts_s":"[(110, 266), (120, 280), (150, 280), (160, 270), (160, 250), (150, 250), (140, 254)]",
            "center_s":"(135, 265)",
            "name":"Bohotle",
            "owner":"IS",
            "special":"Supply Center",
            "special_type":null,
            "connects":[
                "B1",
                "B2",
                "E1",
                "E2",
                "P1",
                "P3"
            ]
        }
    },
    {
        "pk":"C1",
        "model":"territory.territory",
        "fields":{
            "pts_s":"[(120, 330), (140, 330), (150, 340), (150, 320), (160, 290), (150, 290), (120, 310)]",
            "center_s":"(130, 315)",
            "name":"Adad",
            "owner":"IS",
            "special":"Supply Center",
            "special_type":null,
            "connects":[
                "A2",
                "B2",
                "C2",
                "C3",
                "E1"
            ]
        }
    },
    {
        "pk":"C2",
        "model":"territory.territory",
        "fields":{
            "pts_s":"[(150, 340), (190, 340), (210, 350), (210, 320), (150, 320)]",
            "center_s":"(170, 330)",
            "name":"Erigavo",
            "owner":null,
            "special":"Supply Center",
            "special_type":null,
            "connects":[
                "C1",
                "C3",
                "D1"
            ]
        }
    },
    {
        "pk":"C3",
        "model":"territory.territory",
        "fields":{
            "pts_s":"[(150, 320), (210, 320), (210, 300), (210, 290), (190, 290), (170, 290), (160, 290)]",
            "center_s":"(175, 305)",
            "name":"Xin Galool",
            "owner":"DR",
            "special":"Airbase",
            "special_type":null,
            "connects":[
                "C1",
                "C2",
                "D1",
                "D3",
                "E1",
                "E2",
                "E3"
            ]
        }
    },
    {
        "pk":"D1",
        "model":"territory.territory",
        "fields":{
            "pts_s":"[(210, 350), (240, 350), (240, 330), (240, 300), (210, 300), (210, 320)]",
            "center_s":"(220, 320)",
            "name":"Busaso",
            "owner":"DR",
            "special":"Mine",
            "special_type":null,
            "connects":[
                "C2",
                "C3",
                "D2",
                "D3",
                "D4"
            ]
        }
    },
    {
        "pk":"D2",
        "model":"territory.territory",
        "fields":{
            "pts_s":"[(240, 350), (250, 360), (270, 360), (270, 320), (240, 330)]",
            "center_s":"(250, 340)",
            "name":"Calula",
            "owner":null,
            "special":"Mine",
            "special_type":null,
            "connects":[
                "D1",
                "D4"
            ]
        }
    },
    {
        "pk":"D3",
        "model":"territory.territory",
        "fields":{
            "pts_s":"[(210, 300), (240, 300), (250, 280), (240, 260), (210, 280), (210, 290)]",
            "center_s":"(220, 285)",
            "name":"Dudo",
            "owner":"DR",
            "special":"Supply Center",
            "special_type":null,
            "connects":[
                "C3",
                "D1",
                "D4",
                "E3",
                "E4"
            ]
        }
    },
    {
        "pk":"D4",
        "model":"territory.territory",
        "fields":{
            "pts_s":"[(240,300),(250,280),(270,320),(240,330)]",
            "center_s":"(250,310)",
            "name":"Xaafun",
            "owner":null,
            "special":"Supply Center",
            "special_type":null,
            "connects":[
                "D1",
                "D2",
                "D3"
            ]
        }
    },
    {
        "pk":"E1",
        "model":"territory.territory",
        "fields":{
            "pts_s":"[(150, 290), (160, 290), (170, 290), (170, 280), (160, 270), (150, 280)]",
            "center_s":"(157, 280)",
            "name":"Baarka",
            "owner":null,
            "special":"Factory",
            "special_type":null,
            "connects":[
                "B2",
                "B3",
                "C1",
                "C3",
                "E2"
            ]
        }
    },
    {
        "pk":"E2",
        "model":"territory.territory",
        "fields":{
            "pts_s":"[(170, 290), (190, 290), (190, 250), (180, 250), (160, 250), (160, 270), (170, 280)]",
            "center_s":"(170, 270)",
            "name":"Lascanood",
            "owner":null,
            "special":"Mine",
            "special_type":null,
            "connects":[
                "B3",
                "C3",
                "E1",
                "E3",
                "F1",
                "P3"
            ]
        }
    },
    {
        "pk":"E3",
        "model":"territory.territory",
        "fields":{
            "pts_s":"[(190, 290), (210, 290), (210, 280), (200, 250), (195, 250), (190, 250)]",
            "center_s":"(195, 270)",
            "name":"Gaaroowe",
            "owner":null,
            "special":"Lab",
            "special_type":null,
            "connects":[
                "C3",
                "D3",
                "E2",
                "E4",
                "F1",
                "F2"
            ]
        }
    },
    {
        "pk":"E4",
        "model":"territory.territory",
        "fields":{
            "pts_s":"[(210, 280), (240, 260), (220, 240), (200, 250)]",
            "center_s":"(215, 255)",
            "name":"Eyl",
            "owner":null,
            "special":"Supply Center",
            "special_type":null,
            "connects":[
                "D3",
                "E3",
                "F2"
            ]
        }
    },
    {
        "pk":"F1",
        "model":"territory.territory",
        "fields":{
            "pts_s":"[(180, 250), (190, 250), (195, 250), (195, 210), (160, 210), (160, 200), (130, 200), (140, 210)]",
            "center_s":"(170, 220)",
            "name":"Galcaio",
            "owner":null,
            "special":"Supply Center",
            "special_type":null,
            "connects":[
                "E2",
                "E3",
                "F2",
                "F3",
                "G1",
                "P2",
                "P3"
            ]
        }
    },
    {
        "pk":"F2",
        "model":"territory.territory",
        "fields":{
            "pts_s":"[(195, 250), (200, 250), (220, 240), (208, 210), (195, 210)]",
            "center_s":"(200, 230)",
            "name":"Xamure",
            "owner":null,
            "special":"Airbase",
            "special_type":null,
            "connects":[
                "E3",
                "E4",
                "F1",
                "F3"
            ]
        }
    },
    {
        "pk":"F3",
        "model":"territory.territory",
        "fields":{
            "pts_s":"[(160, 210), (195, 210), (208, 210), (200, 190), (170, 190), (160, 190), (160, 200)]",
            "center_s":"(180, 200)",
            "name":"Mirsaale",
            "owner":"AG",
            "special":"Mine",
            "special_type":null,
            "connects":[
                "F1",
                "F2",
                "F4",
                "G1"
            ]
        }
    },
    {
        "pk":"F4",
        "model":"territory.territory",
        "fields":{
            "pts_s":"[(170, 190), (200, 190), (184, 150), (170, 150), (170, 180)]",
            "center_s":"(180, 170)",
            "name":"Hobyo",
            "owner":null,
            "special":"Supply Center",
            "special_type":null,
            "connects":[
                "F3",
                "G1",
                "G2",
                "G3"
            ]
        }
    },
    {
        "pk":"G1",
        "model":"territory.territory",
        "fields":{
            "pts_s":"[(130, 200), (160, 200), (160, 190), (170, 190), (170, 180), (130, 180), (130, 160), (125, 160), (120, 160), (120, 190)]",
            "center_s":"(130, 190)",
            "name":"Dusa Marreb",
            "owner":"AG",
            "special":"Supply Center",
            "special_type":null,
            "connects":[
                "F1",
                "F3",
                "F4",
                "G2",
                "H1",
                "H2",
                "P2"
            ]
        }
    },
    {
        "pk":"G2",
        "model":"territory.territory",
        "fields":{
            "pts_s":"[(130, 180), (170, 180), (170, 150), (130, 150), (125, 150), (125, 160), (130, 160)]",
            "center_s":"(145, 160)",
            "name":"Ceel Buur",
            "owner":null,
            "special":"Airbase",
            "special_type":null,
            "connects":[
                "F4",
                "G1",
                "G3",
                "H2",
                "H3"
            ]
        }
    },
    {
        "pk":"G3",
        "model":"territory.territory",
        "fields":{
            "pts_s":"[(130, 150), (170, 150), (184, 150), (180, 140), (166, 130), (130, 140)]",
            "center_s":"(150, 140)",
            "name":"Celdheere",
            "owner":"AG",
            "special":"Factory",
            "special_type":null,
            "connects":[
                "F4",
                "G2",
                "H3",
                "I1"
            ]
        }
    },
    {
        "pk":"H1",
        "model":"territory.territory",
        "fields":{
            "pts_s":"[(100, 170), (120, 190), (120, 160), (110, 160), (110, 150), (100, 150), (90, 150), (90, 170)]",
            "center_s":"(105, 165)",
            "name":"Beledweyne",
            "owner":null,
            "special":"Supply Center",
            "special_type":null,
            "connects":[
                "G1",
                "H2",
                "H3",
                "J2",
                "P2"
            ]
        }
    },
    {
        "pk":"H2",
        "model":"territory.territory",
        "fields":{
            "pts_s":"[(110, 160), (120, 160), (125, 160), (125, 150), (110, 150)]",
            "center_s":"(114, 152)",
            "name":"Muqakoori",
            "owner":null,
            "special":"Lab",
            "special_type":null,
            "connects":[
                "G1",
                "G2",
                "H1",
                "H3"
            ]
        }
    },
    {
        "pk":"H3",
        "model":"territory.territory",
        "fields":{
            "pts_s":"[(100, 150), (110, 150), (125, 150), (130, 150), (130, 140), (120, 130), (120, 120), (110, 120), (100, 120), (100, 130)]",
            "center_s":"(105, 130)",
            "name":"Bulobarde",
            "owner":null,
            "special":"Mine",
            "special_type":null,
            "connects":[
                "G2",
                "G3",
                "H1",
                "H2",
                "I1",
                "I2",
                "J2",
                "K2",
                "L3"
            ]
        }
    },
    {
        "pk":"I1",
        "model":"territory.territory",
        "fields":{
            "pts_s":"[(130, 140), (166, 130), (138, 110), (120, 120), (120, 130)]",
            "center_s":"(135, 120)",
            "name":"Cadale",
            "owner":null,
            "special":"Supply Center",
            "special_type":null,
            "connects":[
                "G3",
                "H3",
                "I2"
            ]
        }
    },
    {
        "pk":"I2",
        "model":"territory.territory",
        "fields":{
            "pts_s":"[(110, 120), (120, 120), (138, 110), (110, 90)]",
            "center_s":"(115, 108)",
            "name":"Jawhar",
            "owner":"OS",
            "special":"Supply Center",
            "special_type":null,
            "connects":[
                "H3",
                "I1",
                "L3"
            ]
        }
    },
    {
        "pk":"J1",
        "model":"territory.territory",
        "fields":{
            "pts_s":"[(50, 150), (70, 170), (80, 150), (80, 130), (60, 130), (60, 140)]",
            "center_s":"(65, 140)",
            "name":"Xuddur",
            "owner":null,
            "special":"Supply Center",
            "special_type":null,
            "connects":[
                "J2",
                "K2",
                "M2"
            ]
        }
    },
    {
        "pk":"J2",
        "model":"territory.territory",
        "fields":{
            "pts_s":"[(70, 170), (90, 170), (90, 150), (100, 150), (100, 130), (80, 130), (80, 150)]",
            "center_s":"(85, 140)",
            "name":"Taiglo",
            "owner":"OS",
            "special":"Factory",
            "special_type":null,
            "connects":[
                "H1",
                "H3",
                "J1",
                "K2"
            ]
        }
    },
    {
        "pk":"K1",
        "model":"territory.territory",
        "fields":{
            "pts_s":"[(50, 120), (60, 120), (70, 110), (70, 90), (60, 80), (55, 90), (50, 100)]",
            "center_s":"(55, 105)",
            "name":"Diinsoor",
            "owner":null,
            "special":"Lab",
            "special_type":null,
            "connects":[
                "K2",
                "K3",
                "L1",
                "M2",
                "M3",
                "N1",
                "N2"
            ]
        }
    },
    {
        "pk":"K2",
        "model":"territory.territory",
        "fields":{
            "pts_s":"[(60, 120), (60, 130), (80, 130), (100, 130), (100, 120), (100, 110), (70, 110)]",
            "center_s":"(75, 115)",
            "name":"Baidoa",
            "owner":"OS",
            "special":"Airbase",
            "special_type":null,
            "connects":[
                "H3",
                "J1",
                "J2",
                "K1",
                "K3",
                "L3",
                "M2"
            ]
        }
    },
    {
        "pk":"K3",
        "model":"territory.territory",
        "fields":{
            "pts_s":"[(70, 110), (100, 110), (92, 104.5), (80, 96.6), (70, 90)]",
            "center_s":"(75, 105)",
            "name":"Buur Hakaba",
            "owner":null,
            "special":"Supply Center",
            "special_type":null,
            "connects":[
                "K1",
                "K2",
                "L1",
                "L2",
                "L3"
            ]
        }
    },
    {
        "pk":"L1",
        "model":"territory.territory",
        "fields":{
            "pts_s":"[(60, 80), (70, 90), (80, 96.6), (93, 79), (74, 66)]",
            "center_s":"(75, 75)",
            "name":"Haaway",
            "owner":null,
            "special":"Factory",
            "special_type":null,
            "connects":[
                "K1",
                "K3",
                "L2",
                "N2"
            ]
        }
    },
    {
        "pk":"L2",
        "model":"territory.territory",
        "fields":{
            "pts_s":"[(80, 96.6), (92, 104.5), (102, 90), (102, 85), (93, 79)]",
            "center_s":"(90, 92)",
            "name":"Marka",
            "owner":"GD",
            "special":"Supply Center",
            "special_type":null,
            "connects":[
                "K3",
                "L1",
                "L3"
            ]
        }
    },
    {
        "pk":"L3",
        "model":"territory.territory",
        "fields":{
            "pts_s":"[(92, 104.5), (100, 110), (100, 120), (110, 120), (110, 90), (102, 90)]",
            "center_s":"(98, 102)",
            "name":"Wanlaweyn",
            "owner":null,
            "special":"Mine",
            "special_type":null,
            "connects":[
                "H3",
                "I2",
                "K2",
                "K3",
                "L2"
            ]
        }
    },
    {
        "pk":"M1",
        "model":"territory.territory",
        "fields":{
            "pts_s":"[(10, 120), (30, 150), (30, 120), (30, 100), (10, 100)]",
            "center_s":"(15, 110)",
            "name":"El Beru Hagia",
            "owner":null,
            "special":"Supply Center",
            "special_type":null,
            "connects":[
                "M2",
                "M3",
                "N1"
            ]
        }
    },
    {
        "pk":"M2",
        "model":"territory.territory",
        "fields":{
            "pts_s":"[(30, 150), (50, 150), (60, 140), (60, 130), (60, 120), (50, 120), (30, 120)]",
            "center_s":"(40, 130)",
            "name":"Garbahaarey",
            "owner":null,
            "special":"Mine",
            "special_type":null,
            "connects":[
                "J1",
                "K1",
                "K2",
                "M1",
                "M3"
            ]
        }
    },
    {
        "pk":"M3",
        "model":"territory.territory",
        "fields":{
            "pts_s":"[(30, 120), (50, 120), (50, 100), (30, 100)]",
            "center_s":"(35, 108)",
            "name":"Bardheere",
            "owner":null,
            "special":"Supply Center",
            "special_type":null,
            "connects":[
                "K1",
                "M1",
                "M2",
                "N1"
            ]
        }
    },
    {
        "pk":"N1",
        "model":"territory.territory",
        "fields":{
            "pts_s":"[(10, 100), (30, 100), (50, 100), (55, 90), (40, 80), (20, 80), (10, 80)]",
            "center_s":"(30, 90)",
            "name":"Juba River",
            "owner":"AS",
            "special":"Mine",
            "special_type":null,
            "connects":[
                "K1",
                "M1",
                "M3",
                "N2",
                "O1",
                "O2"
            ]
        }
    },
    {
        "pk":"N2",
        "model":"territory.territory",
        "fields":{
            "pts_s":"[(40, 80), (55, 90), (60, 80), (74, 66), (50, 50), (40, 60)]",
            "center_s":"(50, 65)",
            "name":"Buaale",
            "owner":null,
            "special":"Supply Center",
            "special_type":null,
            "connects":[
                "K1",
                "L1",
                "N1",
                "O2",
                "O3"
            ]
        }
    },
    {
        "pk":"O1",
        "model":"territory.territory",
        "fields":{
            "pts_s":"[(10, 80), (20, 80), (20, 60), (35, 30), (20, 10), (10, 30)]",
            "center_s":"(20, 30)",
            "name":"Lag Badana",
            "owner":null,
            "special":null,
            "special_type":null,
            "connects":[
                "N1",
                "O2",
                "O3"
            ]
        }
    },
    {
        "pk":"O2",
        "model":"territory.territory",
        "fields":{
            "pts_s":"[(20, 80), (40, 80), (40, 60), (20, 60)]",
            "center_s":"(25, 65)",
            "name":"Afmadow",
            "owner":"AS",
            "special":"Airbase",
            "special_type":null,
            "connects":[
                "N1",
                "N2",
                "O1",
                "O3"
            ]
        }
    },
    {
        "pk":"O3",
        "model":"territory.territory",
        "fields":{
            "pts_s":"[(20, 60), (40, 60), (50, 50), (35, 30)]",
            "center_s":"(35, 45)",
            "name":"Kismaayo",
            "owner":"AS",
            "special":"Supply Center",
            "special_type":null,
            "connects":[
                "N2",
                "O1",
                "O2"
            ]
        }
    },
    {
        "pk":"P1",
        "model":"territory.territory",
        "fields":{
            "pts_s":"[(100, 270), (110, 266), (140, 254), (140, 230), (130, 230), (130, 220), (100, 220)]",
            "center_s":"(115, 240)",
            "name":"Degeh Bur",
            "owner":"ET",
            "special":"Supply Center",
            "special_type":null,
            "connects":[
                "B1",
                "B3",
                "P2",
                "P3"
            ]
        }
    },
    {
        "pk":"P2",
        "model":"territory.territory",
        "fields":{
            "pts_s":"[(100, 220), (130, 220), (130, 230), (140, 230), (140, 210), (130, 200), (120, 190), (100, 170)]",
            "center_s":"(110, 200)",
            "name":"Kebri Dehar",
            "owner":"ET",
            "special":"Mine",
            "special_type":null,
            "connects":[
                "F1",
                "G1",
                "H1",
                "P1",
                "P3"
            ]
        }
    },
    {
        "pk":"P3",
        "model":"territory.territory",
        "fields":{
            "pts_s":"[(140, 254), (150, 250), (160, 250), (180, 250), (140, 210), (140, 230)]",
            "center_s":"(150, 235)",
            "name":"Werder",
            "owner":"ET",
            "special":"Mine",
            "special_type":null,
            "connects":[
                "B3",
                "E2",
                "F1",
                "P1",
                "P2"
            ]
        }
    },
    {
        "pk": 1,
        "model": "territory.unit",
        "fields": {
            "territory": "B1",
            "special": "",
            "alive": true,
            "faction": "IS"
        }
    },
    {
        "pk": 2,
        "model": "territory.unit",
        "fields": {
            "territory": "B3",
            "special": "",
            "alive": true,
            "faction": "IS"
        }
    },
    {
        "pk": 3,
        "model": "territory.unit",
        "fields": {
            "territory": "C1",
            "special": "",
            "alive": true,
            "faction": "IS"
        }
    },
    {
        "pk": 4,
        "model": "territory.unit",
        "fields": {
            "territory": "C3",
            "special": "",
            "alive": true,
            "faction": "DR"
        }
    },
    {
        "pk": 5,
        "model": "territory.unit",
        "fields": {
            "territory": "D1",
            "special": "",
            "alive": true,
            "faction": "DR"
        }
    },
    {
        "pk": 6,
        "model": "territory.unit",
        "fields": {
            "territory": "D3",
            "special": "",
            "alive": true,
            "faction": "DR"
        }
    },
    {
        "pk": 7,
        "model": "territory.unit",
        "fields": {
            "territory": "F3",
            "special": "",
            "alive": true,
            "faction": "AG"
        }
    },
    {
        "pk": 8,
        "model": "territory.unit",
        "fields": {
            "territory": "G1",
            "special": "",
            "alive": true,
            "faction": "AG"
        }
    },
    {
        "pk": 9,
        "model": "territory.unit",
        "fields": {
            "territory": "G3",
            "special": "",
            "alive": true,
            "faction": "AG"
        }
    },
    {
        "pk": 10,
        "model": "territory.unit",
        "fields": {
            "territory": "I2",
            "special": "",
            "alive": true,
            "faction": "OS"
        }
    },
    {
        "pk": 11,
        "model": "territory.unit",
        "fields": {
            "territory": "J2",
            "special": "",
            "alive": true,
            "faction": "OS"
        }
    },
    {
        "pk": 12,
        "model": "territory.unit",
        "fields": {
            "territory": "K2",
            "special": "",
            "alive": true,
            "faction": "OS"
        }
    },
    {
        "pk": 13,
        "model": "territory.unit",
        "fields": {
            "territory": "L2",
            "special": "",
            "alive": true,
            "faction": "GD"
        }
    },
    {
        "pk": 14,
        "model": "territory.unit",
        "fields": {
            "territory": "N1",
            "special": "",
            "alive": true,
            "faction": "AS"
        }
    },
    {
        "pk": 15,
        "model": "territory.unit",
        "fields": {
            "territory": "O2",
            "special": "",
            "alive": true,
            "faction": "AS"
        }
    },
    {
        "pk": 16,
        "model": "territory.unit",
        "fields": {
            "territory": "O3",
            "special": "",
            "alive": true,
            "faction": "AS"
        }
    },
    {
        "pk": 17,
        "model": "territory.unit",
        "fields": {
            "territory": "P1",
            "special": "",
            "alive": true,
            "faction": "ET"
        }
    },
    {
        "pk": 18,
        "model": "territory.unit",
        "fields": {
            "territory": "P2",
            "special": "",
            "alive": true,
            "faction": "ET"
        }
    },
    {
        "pk": 19,
        "model": "territory.unit",
        "fields": {
            "territory": "P3",
            "special": "",
            "alive": true,
            "faction": "ET"
        }
    }
]